FileName,Path of smell, Line Number, Smell,,
/org.eclipse.egit.core/src/org/eclipse/egit/core/GitMoveDeleteHook.java,s://bugs.eclipse.org/bugs/show_bug.cgi?id=307140 (not resolved in 3.7),326,yes,,
/org.eclipse.egit.core.junit/src/org/eclipse/egit/core/test/TestRepository.java,e:///,561,no,,
/org.eclipse.egit.core.test/src/org/eclipse/egit/core/internal/ProjectReferenceImporterTest.java,h://user@host.com:42/repo,64,yes,,
/org.eclipse.egit.core.test/src/org/eclipse/egit/core/internal/ProjectReferenceImporterTest.java,h://user@host.com:42/repo,65,yes,,
/org.eclipse.egit.core.test/src/org/eclipse/egit/core/internal/ProjectReferenceImporterTest.java,h://user@host.com:42/repo,73,yes,,
/org.eclipse.egit.core.test/src/org/eclipse/egit/core/internal/ProjectReferenceImporterTest.java,p://host.com/other/repo,74,yes,,
/org.eclipse.egit.core.test/src/org/eclipse/egit/core/internal/ProjectReferenceImporterTest.java,h://user@host.com:42/repo,75,yes,,
/org.eclipse.egit.core.test/src/org/eclipse/egit/core/internal/ProjectReferenceImporterTest.java,h://user_1@host.com:42/repo,83,yes,,
/org.eclipse.egit.core.test/src/org/eclipse/egit/core/internal/ProjectReferenceImporterTest.java,h://user_2@host.com:42/repo,84,yes,,
/org.eclipse.egit.core.test/src/org/eclipse/egit/core/internal/ProjectReferenceImporterTest.java,h://host.com:42/repo,86,yes,,
/org.eclipse.egit.core.test/src/org/eclipse/egit/core/internal/ProjectReferenceImporterTest.java,h://user_1@host.com:42/repo,96,yes,,
/org.eclipse.egit.core.test/src/org/eclipse/egit/core/internal/ProjectReferenceImporterTest.java,h://user_2@host.com:42/repo.git,97,yes,,
/org.eclipse.egit.core.test/src/org/eclipse/egit/core/internal/ProjectReferenceImporterTest.java,h://host.com:42/repo_1,105,yes,,
/org.eclipse.egit.core.test/src/org/eclipse/egit/core/internal/ProjectReferenceImporterTest.java,h://host.com:42/repo_2,106,yes,,
/org.eclipse.egit.core.test/src/org/eclipse/egit/core/internal/storage/CommitFileRevisionTest.java,t://builtin/test/smudge,77,yes,,
/org.eclipse.egit.core.test/src/org/eclipse/egit/core/internal/storage/CommitFileRevisionTest.java,t://builtin/test/smudge,126,yes,,
/org.eclipse.egit.core.test/src/org/eclipse/egit/core/internal/storage/CommitFileRevisionTest.java,t://builtin/test/smudge,180,yes,,
/org.eclipse.egit.core.test/src/org/eclipse/egit/core/internal/storage/CommitFileRevisionTest.java,t://builtin/test/smudge2,217,yes,,
/org.eclipse.egit.core.test/src/org/eclipse/egit/core/internal/storage/CommitFileRevisionTest.java,t://builtin/test/smudge2,220,yes,,
/org.eclipse.egit.core.test/src/org/eclipse/egit/core/internal/storage/CommitFileRevisionTest.java,t://builtin/test/smudge,241,yes,,
/org.eclipse.egit.core.test/src/org/eclipse/egit/core/internal/storage/CommitFileRevisionTest.java,t://builtin/test/smudge2,242,yes,,
/org.eclipse.egit.core.test/src/org/eclipse/egit/core/internal/storage/CommitFileRevisionTest.java,t://builtin/test/smudge2,274,yes,,
/org.eclipse.egit.core.test/src/org/eclipse/egit/core/internal/storage/CommitFileRevisionTest.java,t://builtin/test/smudge2,277,yes,,
/org.eclipse.egit.core.test/src/org/eclipse/egit/core/internal/storage/CommitFileRevisionTest.java,t://builtin/test/smudge,296,yes,,
/org.eclipse.egit.core.test/src/org/eclipse/egit/core/internal/storage/CommitFileRevisionTest.java,t://builtin/test/smudge2,297,yes,,
/org.eclipse.egit.core.test/src/org/eclipse/egit/core/internal/util/RepositoryPathCheckerTest.java,h://a.test:/a/b,50,yes,,
/org.eclipse.egit.core.test/src/org/eclipse/egit/core/internal/util/RepositoryPathCheckerTest.java,s://a.test/a/b,56,yes,,
/org.eclipse.egit.core.test/src/org/eclipse/egit/core/internal/util/RepositoryPathCheckerTest.java,e://a.test/a/b,61,yes,,
/org.eclipse.egit.core.test/src/org/eclipse/egit/core/internal/util/RepositoryPathCheckerTest.java,r://a.test/a/b,66,yes,,
/org.eclipse.egit.core.test/src/org/eclipse/egit/core/securestorage/EGitSecureStoreTest.java,p://testRepo.example.com/testrepo,60,yes,,
/org.eclipse.egit.core.test/src/org/eclipse/egit/core/securestorage/EGitSecureStoreTest.java,p://testRepo.example.com/testrepo,74,yes,,
/org.eclipse.egit.core.test/src/org/eclipse/egit/core/securestorage/EGitSecureStoreTest.java,p://testRepo.example.com/testrepo,86,yes,,
/org.eclipse.egit.core.test/src/org/eclipse/egit/core/securestorage/EGitSecureStoreTest.java,p://user:pass@testRepo.example.com/testrepo,95,yes,,
/org.eclipse.egit.core.test/src/org/eclipse/egit/core/securestorage/EGitSecureStoreTest.java,p://testRepo.example.com/testrepo,111,yes,,
/org.eclipse.egit.core.test/src/org/eclipse/egit/core/securestorage/EGitSecureStoreTest.java,p://agitter:letmein@testRepo.example.com/testrepo,112,yes,,
/org.eclipse.egit.core.test/src/org/eclipse/egit/core/securestorage/EGitSecureStoreTest.java,p://testRepo.example.com/testrepo,123,yes,,
/org.eclipse.egit.core.test/src/org/eclipse/egit/core/securestorage/EGitSecureStoreTest.java,p://otheruser:otherpass@testRepo.example.com/testrepo,124,yes,,
/org.eclipse.egit.core.test/src/org/eclipse/egit/core/securestorage/EGitSecureStoreTest.java,p://testRepo.example.com/testrepo,132,yes,,
/org.eclipse.egit.core.test/src/org/eclipse/egit/core/securestorage/EGitSecureStoreTest.java,p://testRepo.example.com/testrepo,142,yes,,
/org.eclipse.egit.core.test/src/org/eclipse/egit/core/securestorage/EGitSecureStoreTest.java,p://testRepo.example.com:80/testrepo,145,yes,,
/org.eclipse.egit.core.test/src/org/eclipse/egit/core/securestorage/EGitSecureStoreTest.java,s://testRepo.example.com/testrepo,153,yes,,
/org.eclipse.egit.core.test/src/org/eclipse/egit/core/securestorage/EGitSecureStoreTest.java,s://testRepo.example.com:443/testrepo,156,yes,,
/org.eclipse.egit.core.test/src/org/eclipse/egit/core/securestorage/EGitSecureStoreTest.java,p://testRepo.example.com/testrepo,164,yes,,
/org.eclipse.egit.core.test/src/org/eclipse/egit/core/securestorage/EGitSecureStoreTest.java,p://testRepo.example.com:22/testrepo,167,yes,,
/org.eclipse.egit.core.test/src/org/eclipse/egit/core/securestorage/EGitSecureStoreTest.java,p://testRepo.example.com/testrepo,175,yes,,
/org.eclipse.egit.core.test/src/org/eclipse/egit/core/securestorage/EGitSecureStoreTest.java,p://testRepo.example.com:21/testrepo,178,yes,,
/org.eclipse.egit.core.test/src/org/eclipse/egit/core/securestorage/EGitSecureStoreTest.java,h://agitter@testRepo.example.com/testrepo,186,yes,,
/org.eclipse.egit.core.test/src/org/eclipse/egit/core/securestorage/EGitSecureStoreTest.java,h://testRepo.example.com:22/testrepo,189,yes,,
/org.eclipse.egit.core.test/src/org/eclipse/egit/core/securestorage/EGitSecureStoreTest.java,p://testRepo.example.com/testrepo,197,yes,,
/org.eclipse.egit.core.test/src/org/eclipse/egit/core/test/GitProjectSetCapabilityTest.java,p://example.org/repo-a,128,yes,,
/org.eclipse.egit.core.test/src/org/eclipse/egit/core/test/GitProjectSetCapabilityTest.java,p://example.org/repo-b,131,yes,,
/org.eclipse.egit.core.test/src/org/eclipse/egit/core/test/GitProjectSetCapabilityTest.java,p://example.org/repo-c,138,yes,,
/org.eclipse.egit.core.test/src/org/eclipse/egit/core/test/GitProjectSetCapabilityTest.java,p://example.org/repo-a,master,.,143,yes
/org.eclipse.egit.core.test/src/org/eclipse/egit/core/test/GitProjectSetCapabilityTest.java,p://example.org/repo-b,master,ba,144,yes
/org.eclipse.egit.core.test/src/org/eclipse/egit/core/test/GitProjectSetCapabilityTest.java,p://example.org/repo-b,master,bb,145,yes
/org.eclipse.egit.core.test/src/org/eclipse/egit/core/test/GitProjectSetCapabilityTest.java,p://example.org/repo-c,stable,.,146,yes
/org.eclipse.egit.core.test/src/org/eclipse/egit/core/test/GitURITest.java,t://git.eclipse.org/gitroot/platform/eclipse.platform.team.git;path=\,41,yes,,
/org.eclipse.egit.core.test/src/org/eclipse/egit/core/test/GitURITest.java,t://git.eclipse.org/gitroot/cdo/cdo.git,48,yes,,
/org.eclipse.egit.core.test/src/org/eclipse/egit/core/test/GitURITest.java,t://git.eclipse.org/gitroot/platform/eclipse.platform.team.git;path=\,63,yes,,
/org.eclipse.egit.core.test/src/org/eclipse/egit/core/test/GitURITest.java,t://git.eclipse.org/gitroot/platform/eclipse.platform.team.git,67,yes,,
/org.eclipse.egit.core.test/src/org/eclipse/egit/core/test/GitURITest.java,t://git.eclipse.org/gitroot/platform/eclipse.platform.team.git,master,bundles/org.eclipse.team.core,71,yes
/org.eclipse.egit.core.test/src/org/eclipse/egit/core/test/GitURITest.java,t://git.eclipse.org/gitroot/platform/eclipse.platform.ui.git;path=\,83,yes,,
/org.eclipse.egit.core.test/src/org/eclipse/egit/core/test/GitURITest.java,t://git.eclipse.org/gitroot/platform/eclipse.platform.ui.git,87,yes,,
/org.eclipse.egit.core.test/src/org/eclipse/egit/core/test/GitURITest.java,t://git.eclipse.org/gitroot/platform/eclipse.platform.ui.git,v20111107-2125,bundles/org.eclipse.jface,91,yes
/org.eclipse.egit.core.test/src/org/eclipse/egit/core/test/GitURITest.java,t://git.eclipse.org/gitroot/equinox/rt.equinox.bundles.git;path=\,102,yes,,
/org.eclipse.egit.core.test/src/org/eclipse/egit/core/test/GitURITest.java,t://git.eclipse.org/gitroot/equinox/rt.equinox.bundles.git,106,yes,,
/org.eclipse.egit.core.test/src/org/eclipse/egit/core/test/GitURITest.java,t://git.eclipse.org/gitroot/equinox/rt.equinox.bundles.git,v20111010-1614,bundles/org.eclipse.equinox.http.jetty6,111,yes
/org.eclipse.egit.core.test/src/org/eclipse/egit/core/test/op/CloneOperationTest.java,e:///,107,no,,
/org.eclipse.egit.core.test/src/org/eclipse/egit/core/test/op/CloneOperationTest.java,e:///,130,no,,
/org.eclipse.egit.core.test/src/org/eclipse/egit/core/test/op/CloneOperationTest.java,e:///,152,no,,
/org.eclipse.egit.core.test/src/org/eclipse/egit/core/test/op/CloneOperationTest.java,e:///pushtarget,154,yes,,
/org.eclipse.egit.core.test/src/org/eclipse/egit/core/test/op/CloneOperationTest.java,e:///pushtarget,158,yes,,
/org.eclipse.egit.core.test/src/org/eclipse/egit/core/test/op/CloneOperationTest.java,e:///,179,no,,
/org.eclipse.egit.core.test/src/org/eclipse/egit/core/test/op/ListRemoteOperationTest.java,e:///,66,no,,
/org.eclipse.egit.core.test/src/org/eclipse/egit/core/test/op/ListRemoteOperationTest.java,e:///,107,no,,
/org.eclipse.egit.core.test/src/org/eclipse/egit/core/test/op/ListRemoteOperationTest.java,e:///,112,no,,
/org.eclipse.egit.core.test/src/org/eclipse/egit/core/test/op/ListRemoteOperationTest.java,e:///,131,no,,
/org.eclipse.egit.core.test/src/org/eclipse/egit/core/test/op/ListRemoteOperationTest.java,e:///,151,no,,
/org.eclipse.egit.core.test/src/org/eclipse/egit/core/test/op/PushOperationTest.java,e:///,330,no,,
/org.eclipse.egit.ui/src/org/eclipse/egit/ui/internal/ActionUtils.java,s://bugs.eclipse.org/bugs/show_bug.cgi?id=206111,132,yes,,
/org.eclipse.egit.ui/src/org/eclipse/egit/ui/internal/components/RepositorySelectionPage.java,e:///,543,no,,
/org.eclipse.egit.ui/src/org/eclipse/egit/ui/internal/dialogs/SpellcheckableMessageArea.java,s://bugs.eclipse.org/384886,333,yes,,
/org.eclipse.egit.ui/src/org/eclipse/egit/ui/internal/dialogs/SpellcheckableMessageArea.java,s://bugs.eclipse.org/384886,361,yes,,
/org.eclipse.egit.ui/src/org/eclipse/egit/ui/internal/fetch/FetchGerritChangePage.java,s://bugs.eclipse.org/bugs/show_bug.cgi?id=273470,292,yes,,
/org.eclipse.egit.ui/src/org/eclipse/egit/ui/internal/fetch/FetchGerritChangePage.java,s://git.eclipse.org/r/#/c/65510/6. This is,603,yes,,
/org.eclipse.egit.ui/src/org/eclipse/egit/ui/internal/history/GitHistoryPage.java,s://bugs.eclipse.org/bugs/show_bug.cgi?id=551067,1320,yes,,
/org.eclipse.egit.ui/src/org/eclipse/egit/ui/internal/preferences/ConfigurationEditorComponent.java,s://bugs.eclipse.org/bugs/show_bug.cgi?id=472110,307,yes,,
/org.eclipse.egit.ui/src/org/eclipse/egit/ui/internal/pull/MultiPullResultDialog.java,s://bugs.eclipse.org/388667 :,314,yes,,
/org.eclipse.egit.ui/src/org/eclipse/egit/ui/internal/synchronize/compare/LocalNonWorkspaceTypedElement.java,s://bugs.eclipse.org/bugs/show_bug.cgi?id=290318,250,yes,,
/org.eclipse.egit.ui/src/org/eclipse/egit/ui/UIUtils.java,s://bugs.eclipse.org/bugs/show_bug.cgi?id=71765,312,yes,,
/org.eclipse.egit.ui.test/src/org/eclipse/egit/ui/common/LocalRepositoryTestCase.java,e:///,500,no,,
/org.eclipse.egit.ui.test/src/org/eclipse/egit/ui/common/LocalRepositoryTestCase.java,e:///,503,no,,
/org.eclipse.egit.ui.test/src/org/eclipse/egit/ui/common/LocalRepositoryTestCase.java,e:///,506,no,,
/org.eclipse.egit.ui.test/src/org/eclipse/egit/ui/common/LocalRepositoryTestCase.java,e:///,508,no,,
/org.eclipse.egit.ui.test/src/org/eclipse/egit/ui/common/LocalRepositoryTestCase.java,e:///,512,no,,
/org.eclipse.egit.ui.test/src/org/eclipse/egit/ui/common/LocalRepositoryTestCase.java,e:///,555,no,,
/org.eclipse.egit.ui.test/src/org/eclipse/egit/ui/internal/CompareUtilsTest.java,i://builtin/test/smudge,147,yes,,
/org.eclipse.egit.ui.test/src/org/eclipse/egit/ui/internal/CompareUtilsTest.java,i://builtin/test/smudge,149,yes,,
/org.eclipse.egit.ui.test/src/org/eclipse/egit/ui/internal/CompareUtilsTest.java,i://builtin/test/clean,160,yes,,
/org.eclipse.egit.ui.test/src/org/eclipse/egit/ui/internal/CompareUtilsTest.java,i://builtin/test/clean,161,yes,,
/org.eclipse.egit.ui.test/src/org/eclipse/egit/ui/internal/CompareUtilsTest.java,i://builtin/test/smudge,183,yes,,
/org.eclipse.egit.ui.test/src/org/eclipse/egit/ui/internal/CompareUtilsTest.java,i://builtin/test/clean,184,yes,,
/org.eclipse.egit.ui.test/src/org/eclipse/egit/ui/internal/dialogs/CommitMessageBuilderTest.java,s://bugs.eclipse.org/bugs/show_bug.cgi?id=349164,424,yes,,
/org.eclipse.egit.ui.test/src/org/eclipse/egit/ui/internal/dialogs/HyperlinkTokenScannerTest.java,p://foo bar,73,yes,,
/org.eclipse.egit.ui.test/src/org/eclipse/egit/ui/internal/dialogs/HyperlinkTokenScannerTest.java,p://foo bar,80,yes,,
/org.eclipse.egit.ui.test/src/org/eclipse/egit/ui/internal/dialogs/HyperlinkTokenScannerTest.java,p://foo http://www.example.com bar,87,yes,,
/org.eclipse.egit.ui.test/src/org/eclipse/egit/ui/internal/dialogs/HyperlinkTokenScannerTest.java,p://foo\n\n* http://foo\n* ftp://somewhere\n\nTwo links above.,94,yes,,
/org.eclipse.egit.ui.test/src/org/eclipse/egit/ui/internal/dialogs/HyperlinkTokenScannerTest.java,p://foo\n\n* http://foo\n* ftp://somewhere\n\nTwo links above.,101,yes,,
/org.eclipse.egit.ui.test/src/org/eclipse/egit/ui/internal/dialogs/HyperlinkTokenScannerTest.java,p://foo\n\n* http://foo\n* ftp://somewhere\n\nTwo links above.,110,yes,,
/org.eclipse.egit.ui.test/src/org/eclipse/egit/ui/internal/dialogs/HyperlinkTokenScannerTest.java,p://foo bar,119,yes,,
/org.eclipse.egit.ui.test/src/org/eclipse/egit/ui/internal/dialogs/HyperlinkTokenScannerTest.java,p://foo bar,132,yes,,
/org.eclipse.egit.ui.test/src/org/eclipse/egit/ui/internal/dialogs/SpellcheckableMessageAreaTest.java,s://foo.example.org/with/a/very/long/url/that/should/remain/on/this/line/\n,237,yes,,
/org.eclipse.egit.ui.test/src/org/eclipse/egit/ui/internal/dialogs/SpellcheckableMessageAreaTest.java,s://foo.example.org/with/a/very/long/url/that/should/also/remain/on/this/line/\n,237,yes,,
/org.eclipse.egit.ui.test/src/org/eclipse/egit/ui/internal/dialogs/SpellcheckableMessageAreaTest.java,s://foo.example.org/with/a/very/long/url/that/should/also/remain/on/this/line/\n,237,yes,,
/org.eclipse.egit.ui.test/src/org/eclipse/egit/ui/internal/dialogs/SpellcheckableMessageAreaTest.java,s://foo.example.org/with/a/very/long/url/that/should/remain/on/this/line/\n,238,yes,,
/org.eclipse.egit.ui.test/src/org/eclipse/egit/ui/internal/dialogs/SpellcheckableMessageAreaTest.java,s://foo.example.org/with/a/very/long/url/that/should/also/remain/on/this/line/\n,238,yes,,
/org.eclipse.egit.ui.test/src/org/eclipse/egit/ui/internal/dialogs/SpellcheckableMessageAreaTest.java,s://foo.example.org/with/a/very/long/url/that/should/also/remain/on/this/line/\n,238,yes,,
/org.eclipse.egit.ui.test/src/org/eclipse/egit/ui/internal/fetch/FetchGerritChangeTest.java,p://www.example.org/foo/bar,60,yes,,
/org.eclipse.egit.ui.test/src/org/eclipse/egit/ui/internal/fetch/FetchGerritChangeTest.java,s://git example.org/r/#/c/65510/,61,yes,,
/org.eclipse.egit.ui.test/src/org/eclipse/egit/ui/internal/fetch/FetchGerritChangeTest.java,s://git.example.org/r/#/c/65510,74,yes,,
/org.eclipse.egit.ui.test/src/org/eclipse/egit/ui/internal/fetch/FetchGerritChangeTest.java,s://git.example.org/r/#/c/65510/,75,yes,,
/org.eclipse.egit.ui.test/src/org/eclipse/egit/ui/internal/fetch/FetchGerritChangeTest.java,s://git.example.org/r/#/c/65510/6,76,yes,,
/org.eclipse.egit.ui.test/src/org/eclipse/egit/ui/internal/fetch/FetchGerritChangeTest.java,s://git.example.org/r/#/c/65510/6/,77,yes,,
/org.eclipse.egit.ui.test/src/org/eclipse/egit/ui/internal/fetch/FetchGerritChangeTest.java,s://git.example.org/r/#/c/65510/6/some.path/some/File.txt,78,yes,,
/org.eclipse.egit.ui.test/src/org/eclipse/egit/ui/internal/fetch/FetchGerritChangeTest.java,s://git.example.org/r/#/c/65510/4..5,79,yes,,
/org.eclipse.egit.ui.test/src/org/eclipse/egit/ui/internal/fetch/FetchGerritChangeTest.java,s://git.example.org/r/#/c/65510/4..5/,80,yes,,
/org.eclipse.egit.ui.test/src/org/eclipse/egit/ui/internal/fetch/FetchGerritChangeTest.java,s://git.example.org/r/#/c/65510/4..5/some.path/some/File.txt,81,yes,,
/org.eclipse.egit.ui.test/src/org/eclipse/egit/ui/internal/fetch/FetchGerritChangeTest.java,s://git.example.org:8080/r/#/c/65510,82,yes,,
/org.eclipse.egit.ui.test/src/org/eclipse/egit/ui/internal/selection/SelectionForViewsTest.java,e:///,96,no,,
/org.eclipse.egit.ui.test/src/org/eclipse/egit/ui/internal/submodules/SubmoduleFolderTest.java,s://bugs.eclipse.org/bugs/show_bug.cgi?id=446344#c11,324,yes,,
/org.eclipse.egit.ui.test/src/org/eclipse/egit/ui/submodule/SubmoduleSyncTest.java,t://server/repo.git,75,yes,,
/org.eclipse.egit.ui.test/src/org/eclipse/egit/ui/test/team/actions/BranchAndResetActionTest.java,p://www.eclipse.org/forums/index.php/t/159133/ why we need this,228,yes,,
/org.eclipse.egit.ui.test/src/org/eclipse/egit/ui/test/team/actions/BranchAndResetActionTest.java,p://www.eclipse.org/forums/index.php/t/159133/ why we need this,243,yes,,
/org.eclipse.egit.ui.test/src/org/eclipse/egit/ui/view/repositories/GitRepositoriesViewFetchAndPushTest.java,e:///,68,no,,
/org.eclipse.egit.ui.test/src/org/eclipse/egit/ui/view/repositories/GitRepositoriesViewRemoteHandlingTest.java,e:///,81,no,,
/org.eclipse.egit.ui.test/src/org/eclipse/egit/ui/view/repositories/GitRepositoriesViewRemoteHandlingTest.java,e:///,151,no,,
/org.eclipse.egit.ui.test/src/org/eclipse/egit/ui/view/repositories/GitRepositoriesViewRemoteHandlingTest.java,e:///,223,no,,
/org.eclipse.egit.ui.test/src/org/eclipse/egit/ui/view/repositories/GitRepositoriesViewRemoteHandlingTest.java,e:///,260,no,,
/org.eclipse.egit.ui.test/src/org/eclipse/egit/ui/wizards/clone/GitCloneWizardTest.java,t://www.jgit.org/EGIT,51,yes,,
/org.eclipse.egit.ui.test/src/org/eclipse/egit/ui/wizards/clone/GitCloneWizardTest.java,t://www.jgit.org/EGIT,55,yes,,
/org.eclipse.egit.ui.test/src/org/eclipse/egit/ui/wizards/clone/GitCloneWizardTest.java,t://user:hi@www.jgit.org/EGIT,57,yes,,
/org.eclipse.egit.ui.test/src/org/eclipse/egit/ui/wizards/clone/GitCloneWizardTest.java,t://user:hi@www.jgit.org/EGIT,61,yes,,
/org.eclipse.egit.ui.test/src/org/eclipse/egit/ui/wizards/clone/GitCloneWizardTest.java,h://user@www.jgit.org/EGIT,62,yes,,
/org.eclipse.egit.ui.test/src/org/eclipse/egit/ui/wizards/clone/GitCloneWizardTest.java,h://user@www.jgit.org/EGIT,64,yes,,
/org.eclipse.egit.ui.test/src/org/eclipse/egit/ui/wizards/clone/GitCloneWizardTest.java,h://user:hi@www.jgit.org:33/EGIT,66,yes,,
/org.eclipse.egit.ui.test/src/org/eclipse/egit/ui/wizards/clone/GitCloneWizardTest.java,h:///EGIT,68,yes,,
/org.eclipse.egit.ui.test/src/org/eclipse/egit/ui/wizards/clone/GitCloneWizardTest.java,e:///some/place,70,yes,,
/org.eclipse.egit.ui.test/src/org/eclipse/egit/ui/wizards/clone/GitCloneWizardTest.java,h://user@www.jgit.org/EGIT,77,yes,,
/org.eclipse.egit.ui.test/src/org/eclipse/egit/ui/wizards/clone/GitCloneWizardTest.java,h://user@example.com/EGIT,80,yes,,
/org.eclipse.egit.ui.test/src/org/eclipse/egit/ui/wizards/clone/GitCloneWizardTest.java,h://gitney@example.com/EGIT,84,yes,,
/org.eclipse.egit.ui.test/src/org/eclipse/egit/ui/wizards/clone/GitCloneWizardTest.java,h://gitney@example.com/EGIT,89,yes,,
/org.eclipse.egit.ui.test/src/org/eclipse/egit/ui/wizards/clone/GitCloneWizardTest.java,h://gitney@example.com:99/EGIT,93,yes,,
/org.eclipse.egit.ui.test/src/org/eclipse/egit/ui/wizards/clone/GitCloneWizardTest.java,p://gitney@example.com:99/EGIT,97,yes,,
/org.eclipse.egit.ui.test/src/org/eclipse/egit/ui/wizards/clone/GitCloneWizardTest.java,t://example.com:99/EGIT,101,yes,,
/org.eclipse.egit.ui.test/src/org/eclipse/egit/ui/wizards/clone/GitCloneWizardTest.java,e:///EGIT,105,yes,,
/org.eclipse.egit.ui.test/src/org/eclipse/egit/ui/wizards/clone/GitCloneWizardTest.java,e:///,109,no,,
/org.eclipse.egit.ui.test/src/org/eclipse/egit/ui/wizards/clone/GitCloneWizardTest.java,e:///Some/Directory With Spaces/bare.git,183,yes,,
/org.eclipse.egit.ui.test/src/org/eclipse/egit/ui/wizards/clone/GitCloneWizardTest.java,t://no.example.com/EGIT,281,yes,,
/org.eclipse.egit.ui.test/src/org/eclipse/egit/ui/wizards/clone/GitCloneWizardTest.java,t://no.example.com/EGIT: unknown host,282,yes,,
/org.eclipse.egit.ui.test/src/org/eclipse/egit/ui/wizards/clone/GitCloneWizardTest.java,t://localhost:80/EGIT,298,yes,,
/org.eclipse.egit.ui.test/src/org/eclipse/egit/ui/wizards/clone/GitCloneWizardTest.java,t://localhost:80/EGIT: Connection refused,299,yes,,
/org.eclipse.egit.ui.test/src/org/eclipse/egit/ui/wizards/clone/GitCloneWizardTest.java,t://www.example.com/EGIT,314,yes,,
/org.eclipse.egit.ui.test/src/org/eclipse/egit/ui/wizards/clone/GitCloneWizardTest.java,t://www.example.com/EGIT: unknown host,315,yes,,
/org.eclipse.egit.ui.test/src/org/eclipse/egit/ui/wizards/clone/GitCloneWizardTest.java,t://www.jgit.org/EGIT,327,yes,,
/org.eclipse.egit.ui.test/src/org/eclipse/egit/ui/wizards/clone/GitCloneWizardTest.java,t://www.jgit.org/EGIT     ,330,yes,,
/org.eclipse.egit.ui.test/src/org/eclipse/egit/ui/wizards/clone/GitCloneWizardTest.java,t://www.jgit.org/EGIT,333,yes,,
/org.eclipse.egit.ui.test/src/org/eclipse/egit/ui/wizards/clone/SampleTestRepository.java,t://localhost:,191,yes,,
/org.eclipse.egit.ui.test/src/org/eclipse/egit/ui/wizards/clone/TestRepositorySearchPage.java,p://egit.eclipse.org/r/p/egit-training,42,yes,,
/org.eclipse.egit.ui.test/src/org/eclipse/egit/ui/wizards/clone/TestRepositoryServerProvider.java,p://egit.eclipse.org/r,33,yes,,
/org.eclipse.egit.ui.test/src/org/eclipse/egit/ui/wizards/clone/TestRepositoryServerProvider.java,p://localhost:8080,34,yes,,
