FileName,Path of smell, Line Number, Smell
/Game/src/AgentsTest.java,C://data//points2.txt,24,yes
/Game/src/GameTest.java,C://data//hello//points.txt,13,yes
/Game/src/GameTest.java,C://data//hello//points.txt,63,yes
/Game/src/GameTest.java,C://data//hello//points.txt,87,yes
/Game/src/GameTest.java,C://data//hello//points.txt,113,yes
/Game/src/NodeTest.java,C://data//hello//points2.txt,70,yes
/Game/src/NodeTest.java,C://data//hello//points2.txt,146,yes
/Game/src/NodeTest.java,C://data//hello//points2.txt,161,yes
/Game/src/ProblemTest.java,C://data//hello//points.txt,15,yes
/Game/src/ProblemTest.java,C://data//hello//points.txt,37,yes
/Game/src/ProblemTest.java,C://data//hello//points.txt,81,yes
/Game/src/ProblemTest.java,C://data//hello//points.txt,127,yes
/Game/src/ProblemTest.java,C://data//hello//points.txt,161,yes
/Game/src/ProblemTest.java,C://data//points2.txt,202,yes
/Game/src/ProblemTest.java,C://data//points2.txt,242,yes
/Game/src/UserTest.java,C://data//hello//points.txt,15,yes
/Game/src/UserTest.java,C://data//points.txt,45,no
/Game/src/UserTest.java,C://data//points.txt,46,no
/Game/src/UserTest.java,C://data//hello//points.txt,138,yes
